<?xml version="1.0" encoding="UTF-8"?>
<beans xmlns="http://www.springframework.org/schema/beans"
       xmlns:xsi="http://www.w3.org/2001/XMLSchema-instance"
       xmlns:context="http://www.springframework.org/schema/context"
       xmlns:mvc="http://www.springframework.org/schema/mvc"
       xsi:schemaLocation="http://www.springframework.org/schema/beans	http://www.springframework.org/schema/beans/spring-beans.xsd
                http://www.springframework.org/schema/context http://www.springframework.org/schema/context/spring-context-3.0.xsd
                http://www.springframework.org/schema/mvc http://www.springframework.org/schema/mvc/spring-mvc-3.0.xsd">

    <!-- Scans the classpath of this application for @Components to deploy as beans -->
    <context:component-scan base-package="com.reinvent.webapp"/>

    <!-- Application Message Bundle -->
    <bean id="messageSource" class="org.springframework.context.support.ResourceBundleMessageSource">
        <property name="basename" value="messages"/>
    </bean>

    <bean id="exceptionResolver" class="org.springframework.web.servlet.handler.SimpleMappingExceptionResolver">
        <property name="exceptionMappings">
            <props>
                <prop key="org.springframework.dao.DataAccessException">
                    dataAccessFailure
                </prop>
            </props>
        </property>
    </bean>

    <!-- Configures the @Controller programming model -->
    <mvc:annotation-driven/>
    <mvc:view-controller path="/index" view-name="index"/>

    <!-- Configures Handler Interceptors -->
    <mvc:interceptors>
        <!-- Changes the locale when a 'locale' request parameter is sent; e.g. /?locale=de -->
        <bean class="org.springframework.web.servlet.i18n.LocaleChangeInterceptor"/>
    </mvc:interceptors>

    <!-- Saves a locale change using a cookie -->
    <bean id="localeResolver" class="org.springframework.web.servlet.i18n.CookieLocaleResolver"/>

    <bean id="beanValidator" class="org.springmodules.validation.commons.DefaultBeanValidator">
        <property name="validatorFactory" ref="validatorFactory"/>
    </bean>

    <!-- FreeMarker Configurer and View Resolver -->
    <bean id="freemarkerConfig" class="org.springframework.web.servlet.view.freemarker.FreeMarkerConfigurer">
        <property name="templateLoaderPath" value="/"/>
        <property name="freemarkerSettings">
            <props>
                <prop key="datetime_format">MM/dd/yyyy</prop>
                <prop key="number_format">0.######</prop>
            </props>
        </property>
        <property name="freemarkerVariables">
            <map>
                <entry key="xml_escape" value-ref="fmXmlEscape"/>
            </map>
        </property>
    </bean>

    <bean id="fmXmlEscape" class="freemarker.template.utility.XmlEscape"/>

    <bean id="viewResolver" class="org.springframework.web.servlet.view.freemarker.FreeMarkerViewResolver">
        <property name="exposeSpringMacroHelpers" value="true"/>
        <property name="exposeRequestAttributes" value="true" />
        <property name="requestContextAttribute" value="rc"/>
        <property name="prefix" value="/"/>
        <property name="suffix" value=".ftl"/>
    </bean>
</beans>
