<?xml version="1.0" encoding="UTF-8"?>
<Configuration>
	<Appenders>
		<Console name="Console" target="SYSTEM_OUT">
			<PatternLayout pattern="%p [%t] %c{1}.%M(%L) | %m%n"/>
		</Console>
	</Appenders>

	<Loggers>
		<Logger name="net.sf.ehcache" level="error"/>
		<Logger name="org.apache" level="warn"/>
		<Logger name="org.hibernate" level="warn"/>
		<!-- Uncomment if you want to see Hibernate's SQL -->
		<!--<Logger name="org.hibernate.SQL" level="debug"/>-->
		<Logger name="org.springframework" level="warn"/>
        <Logger name="com.gargoylesoftware.htmlunit" level="error"/>
		<Logger name="com.reinvent" level="debug"/>
		<Logger name="com.reinvent.tool" level="info"/>

		<Root level="warn">
			<AppenderRef ref="Console" />
		</Root>
	</Loggers>
</Configuration>